Sentiment,Word,Count
Positive,game,2314
Positive,com,1984
Positive,love,1791
Positive,good,1620
Positive,pic,1395
Positive,like,1362
Positive,really,1292
Positive,twitter,1217
Positive,new,1209
Positive,best,1125
Positive,now,1112
Positive,play,1052
Positive,time,1022
Positive,great,983
Positive,playing,941
Negative,game,3807
Negative,com,1921
Negative,like,1642
Negative,shit,1528
Negative,twitter,1427
Negative,now,1419
Negative,pic,1381
Negative,fix,1315
Negative,fuck,1278
Negative,play,1212
Negative,please,1126
Negative,fucking,1108
Negative,still,1054
Negative,don,1008
Negative,really,984
Neutral,com,4228
Neutral,johnson,1910
Neutral,amazon,1342
Neutral,game,1325
Neutral,now,1014
Neutral,facebook,986
Neutral,like,917
Neutral,pic,903
Neutral,twitter,900
Neutral,google,899
Neutral,new,893
Neutral,2020,876
Neutral,unk,828
Neutral,play,822
Neutral,microsoft,801
Irrelevant,com,1905
Irrelevant,player,1132
Irrelevant,like,1007
Irrelevant,ban,991
Irrelevant,see,948
Irrelevant,game,810
Irrelevant,people,774
Irrelevant,love,684
Irrelevant,good,669
Irrelevant,twitter,662
Irrelevant,unk,620
Irrelevant,best,620
Irrelevant,now,588
Irrelevant,pic,574
Irrelevant,really,546
