Latitude,Longitude,Accident_Count
28.45,-81.47,3847
40.85,-73.93,3291
25.89,-80.16,3112
33.94,-118.1,3005
40.85,-73.94,2940
34.06,-118.25,2921
34.16,-118.47,2913
28.45,-81.48,2896
30.42,-91.14,2851
25.94,-80.19,2709
34.02,-118.17,2684
28.45,-81.4,2611
34.04,-118.27,2595
25.89,-80.19,2573
35.84,-78.68,2568
25.87,-80.21,2533
33.97,-118.08,2502
25.9,-80.21,2482
33.77,-84.39,2442
25.93,-80.21,2439
34.03,-118.22,2427
34.86,-82.26,2366
25.99,-80.17,2257
25.85,-80.21,2225
33.88,-118.1,2220
33.93,-118.28,2219
36.16,-86.78,2210
34.03,-118.43,2185
34.83,-82.3,2182
34.03,-118.27,2160
33.78,-117.88,2139
33.96,-118.28,2111
37.84,-122.3,2103
33.91,-118.18,2076
34.03,-118.03,2048
33.74,-84.39,2041
33.79,-84.39,2015
28.42,-81.4,2008
25.91,-80.21,2003
25.69,-80.42,2002
25.81,-80.21,1997
34.06,-118,1997
37.81,-122.37,1977
25.88,-80.21,1968
25.79,-80.2,1949
33.88,-118.19,1943
40.85,-73.96,1937
25.7,-80.38,1932
33.92,-118.1,1911
34.15,-118.47,1908
